{"items": [{"id": "47563683", "premium": false, "name": "Системный администратор", "department": null, "has_test": false, "response_letter_required": false, "area": {"id": "1", "name": "Москва", "url": "https://api.hh.ru/areas/1"}, "salary": null, "type": {"id": "open", "name": "Открытая"}, "address": {"city": "Москва", "street": "улица Ленинская Слобода", "building": "19", "description": null, "lat": 55.708303, "lng": 37.652822, "raw": "Москва, улица Ленинская Слобода, 19", "metro": {"station_name": "Автозаводская", "line_name": "Замоскворецкая", "station_id": "2.2", "line_id": "2", "lat": 55.706634, "lng": 37.657008}, "metro_stations": [{"station_name": "Автозаводская", "line_name": "Замоскворецкая", "station_id": "2.2", "line_id": "2", "lat": 55.706634, "lng": 37.657008}, {"station_name": "Автозаводская", "line_name": "МЦК", "station_id": "95.530", "line_id": "95", "lat": 55.70631, "lng": 37.66314}, {"station_name": "ЗИЛ", "line_name": "МЦК", "station_id": "95.531", "line_id": "95", "lat": 55.698333, "lng": 37.648333}], "id": "6057051"}, "response_url": null, "sort_point_distance": null, "published_at": "2021-09-21T10:59:33+0300", "created_at": "2021-09-21T10:59:33+0300", "archived": false, "apply_alternate_url": "https://hh.ru/applicant/vacancy_response?vacancyId=47563683", "insider_interview": null, "url": "https://api.hh.ru/vacancies/47563683?host=hh.ru", "alternate_url": "https://hh.ru/vacancy/47563683", "relations": [], "employer": {"id": "5373729", "name": "CENTURY 21 Capital Real Estate (ООО Кэпитл Риэл Истейт)", "url": "https://api.hh.ru/employers/5373729", "alternate_url": "https://hh.ru/employer/5373729", "logo_urls": {"240": "https://hhcdn.ru/employer-logo/3843744.png", "90": "https://hhcdn.ru/employer-logo/3843743.png", "original": "https://hhcdn.ru/employer-logo-original/850717.png"}, "vacancies_url": "https://api.hh.ru/vacancies?employer_id=5373729", "trusted": true}, "snippet": {"requirement": "Опыт работы на аналогичной должности - будет преимуществом. Опыт настройки сетевого оборудования и обслуживания офисной техники (компьютеры/принтеры).", "responsibility": "Поддержание в рабочем состоянии компьютеров, мфу в офисе. Проверка работоспособности оборудования офиса. Техническая подготовка мероприятий, проводимых в стенах офиса. "}, "contacts": null, "schedule": {"id": "flexible", "name": "Гибкий график"}, "working_days": [], "working_time_intervals": [], "working_time_modes": [], "accept_temporary": true}, {"id": "48637331", "premium": false, "name": "Ведущий системный администратор (поддержка)", "department": null, "has_test": false, "response_letter_required": false, "area": {"id": "1", "name": "Москва", "url": "https://api.hh.ru/areas/1"}, "salary": {"from": 30000, "to": null, "currency": "RUR", "gross": false}, "type": {"id": "open", "name": "Открытая"}, "address": {"city": "Москва", "street": "улица Миклухо-Маклая", "building": "36А", "description": null, "lat": 55.640111, "lng": 37.532951, "raw": "Москва, улица Миклухо-Маклая, 36А", "metro": null, "metro_stations": [], "id": "5656086"}, "response_url": null, "sort_point_distance": null, "published_at": "2021-10-11T10:30:25+0300", "created_at": "2021-10-11T10:30:25+0300", "archived": false, "apply_alternate_url": "https://hh.ru/applicant/vacancy_response?vacancyId=48637331", "insider_interview": null, "url": "https://api.hh.ru/vacancies/48637331?host=hh.ru", "alternate_url": "https://hh.ru/vacancy/48637331", "relations": [], "employer": {"id": "1549586", "name": "Ермак", "url": "https://api.hh.ru/employers/1549586", "alternate_url": "https://hh.ru/employer/1549586", "logo_urls": {"240": "https://hhcdn.ru/employer-logo/2021027.jpeg", "original": "https://hhcdn.ru/employer-logo-original/394693.jpg", "90": "https://hhcdn.ru/employer-logo/2021026.jpeg"}, "vacancies_url": "https://api.hh.ru/vacancies?employer_id=1549586", "trusted": true}, "snippet": {"requirement": "Честность, искренность, порядочность. Доброжелательность, уважение и забота к окружающим и себе. Трудолюбие. Дисциплину. Позитивность. Инициативность. Оперативность. Ответственность, коммуникабельность и умение...", "responsibility": "Поддержка рабочих мест в офисе, диагностика устранения неисправностей. Ввод в эксплуатацию новых рабочих мест пользователей. Установка и настрой ОС, прикладного..."}, "contacts": null, "schedule": {"id": "fullDay", "name": "Полный день"}, "working_days": [], "working_time_intervals": [{"id": "from_four_to_six_hours_in_a_day", "name": "Можно работать сменами по 4–6 часов в день"}], "working_time_modes": [{"id": "start_after_sixteen", "name": "Можно начинать работать после 16:00"}], "accept_temporary": true}, {"id": "48336567", "premium": false, "name": "Системный администратор", "department": null, "has_test": false, "response_letter_required": false, "area": {"id": "1", "name": "Москва", "url": "https://api.hh.ru/areas/1"}, "salary": {"from": 15000, "to": null, "currency": "RUR", "gross": false}, "type": {"id": "open", "name": "Открытая"}, "address": null, "response_url": null, "sort_point_distance": null, "published_at": "2021-10-10T15:12:25+0300", "created_at": "2021-10-10T15:12:25+0300", "archived": false, "apply_alternate_url": "https://hh.ru/applicant/vacancy_response?vacancyId=48336567", "insider_interview": null, "url": "https://api.hh.ru/vacancies/48336567?host=hh.ru", "alternate_url": "https://hh.ru/vacancy/48336567", "relations": [], "employer": {"id": "4669513", "name": "Медиа Продакшн Групп", "url": "https://api.hh.ru/employers/4669513", "alternate_url": "https://hh.ru/employer/4669513", "logo_urls": {"240": "https://hhcdn.ru/employer-logo/3581612.png", "90": "https://hhcdn.ru/employer-logo/3581611.png", "original": "https://hhcdn.ru/employer-logo-original/785180.png"}, "vacancies_url": "https://api.hh.ru/vacancies?employer_id=4669513", "trusted": true}, "snippet": {"requirement": "Опыт аналогичной работы. Умение работать с АМОсрм обязательно. Способность расставлять приоритеты в задачах и оптимизировать рабочий процесс. Знание ( в части...", "responsibility": "Обеспечение непрерывного функционирования IT-структуры компании. Организация и поддержка работоспособности пользовательских рабочих мест. Настройка сервисного и сетевого оборудования. "}, "contacts": null, "schedule": {"id": "flexible", "name": "Гибкий график"}, "working_days": [], "working_time_intervals": [{"id": "from_four_to_six_hours_in_a_day", "name": "Можно работать сменами по 4–6 часов в день"}], "working_time_modes": [], "accept_temporary": true}, {"id": "47972689", "premium": false, "name": "Системный администратор / IT - cпециалист", "department": null, "has_test": false, "response_letter_required": false, "area": {"id": "1", "name": "Москва", "url": "https://api.hh.ru/areas/1"}, "salary": {"from": 40000, "to": 45000, "currency": "RUR", "gross": false}, "type": {"id": "open", "name": "Открытая"}, "address": {"city": "Москва", "street": "Тетеринский переулок", "building": "18с2", "description": null, "lat": 55.7448469349, "lng": 37.653407957, "raw": "Москва, Тетеринский переулок, 18с2", "metro": null, "metro_stations": [], "id": "3726912"}, "response_url": null, "sort_point_distance": null, "published_at": "2021-10-12T12:12:41+0300", "created_at": "2021-10-12T12:12:41+0300", "archived": false, "apply_alternate_url": "https://hh.ru/applicant/vacancy_response?vacancyId=47972689", "insider_interview": null, "url": "https://api.hh.ru/vacancies/47972689?host=hh.ru", "alternate_url": "https://hh.ru/vacancy/47972689", "relations": [], "employer": {"id": "3025443", "name": "НОРД-ИНВЕСТ", "url": "https://api.hh.ru/employers/3025443", "alternate_url": "https://hh.ru/employer/3025443", "logo_urls": {"240": "https://hhcdn.ru/employer-logo/3469742.jpeg", "90": "https://hhcdn.ru/employer-logo/3469741.jpeg", "original": "https://hhcdn.ru/employer-logo-original/757196.jpg"}, "vacancies_url": "https://api.hh.ru/vacancies?employer_id=3025443", "trusted": true}, "snippet": {"requirement": "Высшее образование. Опыт работы на аналогичной должности от 3-х лет. Умение работать на результат, ответственность, исполнительность.", "responsibility": "Администрирование офисной инфраструктуры: поддержание компьютеров в рабочем состоянии, оргтехники, сетевой инфраструктуры, настройка точек доступа, сетевых ресурсов, файловых хранилищ, установка и..."}, "contacts": null, "schedule": {"id": "fullDay", "name": "Полный день"}, "working_days": [], "working_time_intervals": [], "working_time_modes": [], "accept_temporary": true}, {"id": "48751492", "premium": false, "name": "Системный администратор (удаленно)", "department": null, "has_test": false, "response_letter_required": false, "area": {"id": "1", "name": "Москва", "url": "https://api.hh.ru/areas/1"}, "salary": {"from": 25000, "to": null, "currency": "RUR", "gross": false}, "type": {"id": "open", "name": "Открытая"}, "address": null, "response_url": null, "sort_point_distance": null, "published_at": "2021-10-12T12:08:04+0300", "created_at": "2021-10-12T12:08:04+0300", "archived": false, "apply_alternate_url": "https://hh.ru/applicant/vacancy_response?vacancyId=48751492", "insider_interview": null, "url": "https://api.hh.ru/vacancies/48751492?host=hh.ru", "alternate_url": "https://hh.ru/vacancy/48751492", "relations": [], "employer": {"id": "1819550", "name": "OxPeople", "url": "https://api.hh.ru/employers/1819550", "alternate_url": "https://hh.ru/employer/1819550", "logo_urls": {"original": "https://hhcdn.ru/employer-logo-original/887550.jpeg", "240": "https://hhcdn.ru/employer-logo/3990900.jpeg", "90": "https://hhcdn.ru/employer-logo/3990899.jpeg"}, "vacancies_url": "https://api.hh.ru/vacancies?employer_id=1819550", "trusted": true}, "snippet": {"requirement": "Опытом системного администрирования и удаленной технической поддержки компании от 3х лет (умеете настраивать простые интеграции CRM-систем, настраивать и...", "responsibility": "Поддерживать внутреннюю инфраструктуру компании (Настраивать и поддерживать в рабочем состоянии сервисы компании: 1С, Битрикс24, Геткурс). -Настраивать ip-телефонию. -"}, "contacts": null, "schedule": {"id": "remote", "name": "Удаленная работа"}, "working_days": [], "working_time_intervals": [], "working_time_modes": [], "accept_temporary": true}, {"id": "48338171", "premium": false, "name": "Удаленный системный администратор", "department": null, "has_test": false, "response_letter_required": false, "area": {"id": "1", "name": "Москва", "url": "https://api.hh.ru/areas/1"}, "salary": {"from": 50000, "to": 50000, "currency": "RUR", "gross": false}, "type": {"id": "open", "name": "Открытая"}, "address": null, "response_url": null, "sort_point_distance": null, "published_at": "2021-10-10T15:33:44+0300", "created_at": "2021-10-10T15:33:44+0300", "archived": false, "apply_alternate_url": "https://hh.ru/applicant/vacancy_response?vacancyId=48338171", "insider_interview": null, "url": "https://api.hh.ru/vacancies/48338171?host=hh.ru", "alternate_url": "https://hh.ru/vacancy/48338171", "relations": [], "employer": {"id": "1639979", "name": "ДиДжиНайнтин", "url": "https://api.hh.ru/employers/1639979", "alternate_url": "https://hh.ru/employer/1639979", "logo_urls": {"original": "https://hhcdn.ru/employer-logo-original/261174.png", "90": "https://hhcdn.ru/employer-logo/1487230.png", "240": "https://hhcdn.ru/employer-logo/1487231.png"}, "vacancies_url": "https://api.hh.ru/vacancies?employer_id=1639979", "trusted": true}, "snippet": {"requirement": "Опыт работы на аналогичной должности от 3 лет. Высшее техническое образование. Уверенное знание линейки ОС Windows на уровне администратора. ", "responsibility": "Удаленное консультирование сотрудников по вопросам ИТ (1С, банк-клиенты, отчетности). Администрирование серверов компании (Active Directory, Hyper-V, 1С..."}, "contacts": null, "schedule": {"id": "fullDay", "name": "Полный день"}, "working_days": [], "working_time_intervals": [], "working_time_modes": [], "accept_temporary": false}, {"id": "48376780", "premium": false, "name": "Системный администратор / IT специалист", "department": null, "has_test": false, "response_letter_required": false, "area": {"id": "1", "name": "Москва", "url": "https://api.hh.ru/areas/1"}, "salary": {"from": 15000, "to": null, "currency": "RUR", "gross": false}, "type": {"id": "open", "name": "Открытая"}, "address": {"city": "Москва", "street": "Волгоградский проспект", "building": "42к23", "description": null, "lat": 55.710362, "lng": 37.708356, "raw": "Москва, Волгоградский проспект, 42к23", "metro": null, "metro_stations": [], "id": "80548"}, "response_url": null, "sort_point_distance": null, "published_at": "2021-10-11T16:09:14+0300", "created_at": "2021-10-11T16:09:14+0300", "archived": false, "apply_alternate_url": "https://hh.ru/applicant/vacancy_response?vacancyId=48376780", "insider_interview": null, "url": "https://api.hh.ru/vacancies/48376780?host=hh.ru", "alternate_url": "https://hh.ru/vacancy/48376780", "relations": [], "employer": {"id": "144875", "name": "Инктрейд", "url": "https://api.hh.ru/employers/144875", "alternate_url": "https://hh.ru/employer/144875", "logo_urls": {"240": "https://hhcdn.ru/employer-logo/610443.jpeg", "original": "https://hhcdn.ru/employer-logo-original/201397.jpg", "90": "https://hhcdn.ru/employer-logo/610442.jpeg"}, "vacancies_url": "https://api.hh.ru/vacancies?employer_id=144875", "trusted": true}, "snippet": {"requirement": "Высшее/ неполное высшее техническое образование. Опыт работы системным администратором не менее 5 лет. Отличное знание компьютерного оборудования и периферийных устройств...", "responsibility": "Проведение инженерных работ по монтажу, пуско-наладке и техобслуживанию серверных систем, систем хранения данных и сетей хранения данных. "}, "contacts": null, "schedule": {"id": "flexible", "name": "Гибкий график"}, "working_days": [], "working_time_intervals": [], "working_time_modes": [], "accept_temporary": false}, {"id": "48349297", "premium": false, "name": "Системный администратор по поддержке работоспособности частной школы", "department": null, "has_test": false, "response_letter_required": false, "area": {"id": "1", "name": "Москва", "url": "https://api.hh.ru/areas/1"}, "salary": {"from": 50000, "to": 50000, "currency": "RUR", "gross": false}, "type": {"id": "open", "name": "Открытая"}, "address": {"city": "Москва", "street": "улица Кравченко", "building": "12", "description": null, "lat": 55.678621, "lng": 37.517015, "raw": "Москва, улица Кравченко, 12", "metro": null, "metro_stations": [], "id": "2751171"}, "response_url": null, "sort_point_distance": null, "published_at": "2021-10-11T01:09:03+0300", "created_at": "2021-10-11T01:09:03+0300", "archived": false, "apply_alternate_url": "https://hh.ru/applicant/vacancy_response?vacancyId=48349297", "insider_interview": null, "url": "https://api.hh.ru/vacancies/48349297?host=hh.ru", "alternate_url": "https://hh.ru/vacancy/48349297", "relations": [], "employer": {"id": "3408067", "name": "ОАНО СОШ Москвич", "url": "https://api.hh.ru/employers/3408067", "alternate_url": "https://hh.ru/employer/3408067", "logo_urls": {"240": "https://hhcdn.ru/employer-logo/3858240.jpeg", "90": "https://hhcdn.ru/employer-logo/3858239.jpeg", "original": "https://hhcdn.ru/employer-logo-original/854341.JPG"}, "vacancies_url": "https://api.hh.ru/vacancies?employer_id=3408067", "trusted": true}, "snippet": {"requirement": "Опыт работы по профилю от 1 года. Ответственность. Способность выполнять задачи качественно и в срок. Инициативность. При обнаружении проблемы, надо...", "responsibility": "Администрирование OC Windows, Windows Server. Администрирование AD, DNS, DHCP. Администрирование MIKROTIK. Администрирование VLAN, DHCP. Обслуживание и администрирование системы видеонаблюдения (trassir). "}, "contacts": null, "schedule": {"id": "flexible", "name": "Гибкий график"}, "working_days": [], "working_time_intervals": [], "working_time_modes": [], "accept_temporary": false}, {"id": "48595056", "premium": false, "name": "Системный администратор", "department": null, "has_test": false, "response_letter_required": false, "area": {"id": "1", "name": "Москва", "url": "https://api.hh.ru/areas/1"}, "salary": {"from": 40000, "to": 40000, "currency": "RUR", "gross": false}, "type": {"id": "open", "name": "Открытая"}, "address": {"city": "Москва", "street": "улица Барклая", "building": "6с3", "description": null, "lat": 55.739559, "lng": 37.50734, "raw": "Москва, улица Барклая, 6с3", "metro": null, "metro_stations": [], "id": "5386809"}, "response_url": null, "sort_point_distance": null, "published_at": "2021-10-07T09:35:46+0300", "created_at": "2021-10-07T09:35:46+0300", "archived": false, "apply_alternate_url": "https://hh.ru/applicant/vacancy_response?vacancyId=48595056", "insider_interview": null, "url": "https://api.hh.ru/vacancies/48595056?host=hh.ru", "alternate_url": "https://hh.ru/vacancy/48595056", "relations": [], "employer": {"id": "5102429", "name": "Фонтаниум", "url": "https://api.hh.ru/employers/5102429", "alternate_url": "https://hh.ru/employer/5102429", "logo_urls": {"90": "https://hhcdn.ru/employer-logo/3649547.jpeg", "240": "https://hhcdn.ru/employer-logo/3649548.jpeg", "original": "https://hhcdn.ru/employer-logo-original/802165.jpg"}, "vacancies_url": "https://api.hh.ru/vacancies?employer_id=5102429", "trusted": true}, "snippet": {"requirement": "В скобках указано то, что используется сейчас: Умение работать с ЛВС ethernet, DHCP (ISC dhcpd), DNS (BIND), LDAP (OpenLDAP), Zimbra...", "responsibility": "Поддержание работоспособности инфраструктуры ЭВМ, сервисов, рабочих мест сотрудников (12-15 раб. мест). Администрирование GNU/Linux-серверов (основная часть работы, занимает..."}, "contacts": null, "schedule": {"id": "flexible", "name": "Гибкий график"}, "working_days": [], "working_time_intervals": [{"id": "from_four_to_six_hours_in_a_day", "name": "Можно работать сменами по 4–6 часов в день"}], "working_time_modes": [], "accept_temporary": false}, {"id": "48599315", "premium": false, "name": "Помощник системного администратора", "department": null, "has_test": false, "response_letter_required": false, "area": {"id": "1", "name": "Москва", "url": "https://api.hh.ru/areas/1"}, "salary": {"from": null, "to": 50000, "currency": "RUR", "gross": false}, "type": {"id": "open", "name": "Открытая"}, "address": {"city": "Москва", "street": "улица Ленинская Слобода", "building": "26с28", "description": null, "lat": 55.712315, "lng": 37.654017, "raw": "Москва, улица Ленинская Слобода, 26с28", "metro": {"station_name": "Автозаводская", "line_name": "Замоскворецкая", "station_id": "2.2", "line_id": "2", "lat": 55.706634, "lng": 37.657008}, "metro_stations": [{"station_name": "Автозаводская", "line_name": "Замоскворецкая", "station_id": "2.2", "line_id": "2", "lat": 55.706634, "lng": 37.657008}], "id": "1725664"}, "response_url": null, "sort_point_distance": null, "published_at": "2021-10-07T10:46:51+0300", "created_at": "2021-10-07T10:46:51+0300", "archived": false, "apply_alternate_url": "https://hh.ru/applicant/vacancy_response?vacancyId=48599315", "insider_interview": null, "url": "https://api.hh.ru/vacancies/48599315?host=hh.ru", "alternate_url": "https://hh.ru/vacancy/48599315", "relations": [], "employer": {"id": "53368", "name": "Innovative People", "url": "https://api.hh.ru/employers/53368", "alternate_url": "https://hh.ru/employer/53368", "logo_urls": {"240": "https://hhcdn.ru/employer-logo/1879387.png", "90": "https://hhcdn.ru/employer-logo/1879386.png", "original": "https://hhcdn.ru/employer-logo-original/359281.png"}, "vacancies_url": "https://api.hh.ru/vacancies?employer_id=53368", "trusted": true}, "snippet": {"requirement": "Хорошее знание компьютерного железа (должен быть способен собрать компьютер, выявить неисправный элемент в случае неработоспособности компьютера, исправить мелкие проблемы связанные...", "responsibility": "Администрирование локальной сети Компании: настройка и обновление рабочих станций. Прикладного ПО, поддержка пользователей, диагностирование отказов аппаратуры и ПО. "}, "contacts": null, "schedule": {"id": "flexible", "name": "Гибкий график"}, "working_days": [], "working_time_intervals": [], "working_time_modes": [], "accept_temporary": false}, {"id": "48557550", "premium": false, "name": "Помощник системного администратора", "department": null, "has_test": false, "response_letter_required": false, "area": {"id": "1", "name": "Москва", "url": "https://api.hh.ru/areas/1"}, "salary": {"from": 30000, "to": 50000, "currency": "RUR", "gross": false}, "type": {"id": "open", "name": "Открытая"}, "address": null, "response_url": null, "sort_point_distance": null, "published_at": "2021-10-06T10:12:55+0300", "created_at": "2021-10-06T10:12:55+0300", "archived": false, "apply_alternate_url": "https://hh.ru/applicant/vacancy_response?vacancyId=48557550", "insider_interview": null, "url": "https://api.hh.ru/vacancies/48557550?host=hh.ru", "alternate_url": "https://hh.ru/vacancy/48557550", "relations": [], "employer": {"id": "3629857", "name": "G-it", "url": "https://api.hh.ru/employers/3629857", "alternate_url": "https://hh.ru/employer/3629857", "logo_urls": null, "vacancies_url": "https://api.hh.ru/vacancies?employer_id=3629857", "trusted": true}, "snippet": {"requirement": "Чувство юмора, позитивный взгляд на жизнь, стрессоустойчивость. Знание и умение: Всей линейки MS windows (от XP до 10). ", "responsibility": "Поддержка клиентов компании по вопросам ИТ, по телефону или teamviewer. Установка операционных систем. Ремонт и восстановление работоспособности ПК. ("}, "contacts": null, "schedule": {"id": "flexible", "name": "Гибкий график"}, "working_days": [], "working_time_intervals": [], "working_time_modes": [], "accept_temporary": false}, {"id": "48535272", "premium": false, "name": "Системный администратор/ IT-специалист", "department": null, "has_test": false, "response_letter_required": false, "area": {"id": "1", "name": "Москва", "url": "https://api.hh.ru/areas/1"}, "salary": {"from": 50000, "to": null, "currency": "RUR", "gross": true}, "type": {"id": "open", "name": "Открытая"}, "address": {"city": null, "street": null, "building": null, "description": null, "lat": null, "lng": null, "raw": null, "metro": {"station_name": "Сретенский бульвар", "line_name": "Люблинско-Дмитровская", "station_id": "10.175", "line_id": "10", "lat": 55.766106, "lng": 37.635688}, "metro_stations": [{"station_name": "Сретенский бульвар", "line_name": "Люблинско-Дмитровская", "station_id": "10.175", "line_id": "10", "lat": 55.766106, "lng": 37.635688}, {"station_name": "Тургеневская", "line_name": "Калужско-Рижская", "station_id": "6.144", "line_id": "6", "lat": 55.765371, "lng": 37.636732}, {"station_name": "Чистые пруды", "line_name": "Сокольническая", "station_id": "1.143", "line_id": "1", "lat": 55.76499, "lng": 37.638293}], "id": "908120"}, "response_url": null, "sort_point_distance": null, "published_at": "2021-10-05T14:40:17+0300", "created_at": "2021-10-05T14:40:17+0300", "archived": false, "apply_alternate_url": "https://hh.ru/applicant/vacancy_response?vacancyId=48535272", "insider_interview": null, "url": "https://api.hh.ru/vacancies/48535272?host=hh.ru", "alternate_url": "https://hh.ru/vacancy/48535272", "relations": [], "employer": {"id": "3056890", "name": "Первая студия", "url": "https://api.hh.ru/employers/3056890", "alternate_url": "https://hh.ru/employer/3056890", "logo_urls": {"240": "https://hhcdn.ru/employer-logo/3975376.jpeg", "90": "https://hhcdn.ru/employer-logo/3975375.jpeg", "original": "https://hhcdn.ru/employer-logo-original/883669.jpg"}, "vacancies_url": "https://api.hh.ru/vacancies?employer_id=3056890", "trusted": true}, "snippet": {"requirement": "Высшее техническое образование. Высокий уровень клиентоориентированности по отношению к внутреннему заказчику (руководство и сотрудники компании), нацеленность на результат, а не...", "responsibility": "Администрирование компьютерной сети на базе доменов Windows Server 2008,2012 (AD, DHCP, Group Policy, DNS). Настройка и администрирование почтового сервера. "}, "contacts": null, "schedule": {"id": "fullDay", "name": "Полный день"}, "working_days": [], "working_time_intervals": [], "working_time_modes": [], "accept_temporary": false}, {"id": "48443281", "premium": false, "name": "Системный администратор", "department": null, "has_test": true, "response_letter_required": false, "area": {"id": "1", "name": "Москва", "url": "https://api.hh.ru/areas/1"}, "salary": {"from": 25000, "to": 60000, "currency": "RUR", "gross": false}, "type": {"id": "open", "name": "Открытая"}, "address": {"city": "Москва", "street": "улица Маршала Рыбалко", "building": "2к9", "description": null, "lat": 55.797787, "lng": 37.497153, "raw": "Москва, улица Маршала Рыбалко, 2к9", "metro": null, "metro_stations": [], "id": "550802"}, "response_url": null, "sort_point_distance": null, "published_at": "2021-10-01T15:41:25+0300", "created_at": "2021-10-01T15:41:25+0300", "archived": false, "apply_alternate_url": "https://hh.ru/applicant/vacancy_response?vacancyId=48443281", "insider_interview": null, "url": "https://api.hh.ru/vacancies/48443281?host=hh.ru", "alternate_url": "https://hh.ru/vacancy/48443281", "relations": [], "employer": {"id": "1680984", "name": "Man Web Interactive", "url": "https://api.hh.ru/employers/1680984", "alternate_url": "https://hh.ru/employer/1680984", "logo_urls": {"original": "https://hhcdn.ru/employer-logo-original/670341.png", "240": "https://hhcdn.ru/employer-logo/3122497.png", "90": "https://hhcdn.ru/employer-logo/3122496.png"}, "vacancies_url": "https://api.hh.ru/vacancies?employer_id=1680984", "trusted": true}, "snippet": {"requirement": "Знание CentOS, Ubuntu, Debian, Linux, windows server. Опыт работы с сертификатами ЭЦП.", "responsibility": "Настройка и администрирование серверов (установка ОС, установка и настройка PHP, MySQL, настройка бекапа). Контроль корректного бекапирования данных. Мониторинг доступности серверов. "}, "contacts": null, "schedule": {"id": "remote", "name": "Удаленная работа"}, "working_days": [], "working_time_intervals": [], "working_time_modes": [], "accept_temporary": false}, {"id": "48130660", "premium": false, "name": "Системный администратор (2-3 раза в неделю)", "department": null, "has_test": false, "response_letter_required": false, "area": {"id": "1", "name": "Москва", "url": "https://api.hh.ru/areas/1"}, "salary": null, "type": {"id": "open", "name": "Открытая"}, "address": {"city": "Москва", "street": "Пресненская набережная", "building": "6с2", "description": null, "lat": 55.748179, "lng": 37.540245, "raw": "Москва, Пресненская набережная, 6с2", "metro": {"station_name": "Выставочная", "line_name": "Филевская", "station_id": "4.172", "line_id": "4", "lat": 55.750243, "lng": 37.542641}, "metro_stations": [{"station_name": "Выставочная", "line_name": "Филевская", "station_id": "4.172", "line_id": "4", "lat": 55.750243, "lng": 37.542641}], "id": "6166723"}, "response_url": null, "sort_point_distance": null, "published_at": "2021-10-01T09:42:38+0300", "created_at": "2021-10-01T09:42:38+0300", "archived": false, "apply_alternate_url": "https://hh.ru/applicant/vacancy_response?vacancyId=48130660", "insider_interview": null, "url": "https://api.hh.ru/vacancies/48130660?host=hh.ru", "alternate_url": "https://hh.ru/vacancy/48130660", "relations": [], "employer": {"id": "1678242", "name": "НПО АГРОСЕРВИС", "url": "https://api.hh.ru/employers/1678242", "alternate_url": "https://hh.ru/employer/1678242", "logo_urls": {"90": "https://hhcdn.ru/employer-logo/2596141.jpeg", "240": "https://hhcdn.ru/employer-logo/2596142.jpeg", "original": "https://hhcdn.ru/employer-logo-original/538667.jpg"}, "vacancies_url": "https://api.hh.ru/vacancies?employer_id=1678242", "trusted": true}, "snippet": {"requirement": "Образование: высшее техническое. Опыт работы в аналогичной должности от 2-х лет. Системный администратор Windows, опыт администрирования ОС Windows 7...", "responsibility": "Создание рабочих мест для новых сотрудников (офис). Установка‚ настройка и обслуживание (обновление) операционных систем Windows и пользовательского ПО. "}, "contacts": null, "schedule": {"id": "flexible", "name": "Гибкий график"}, "working_days": [], "working_time_intervals": [{"id": "from_four_to_six_hours_in_a_day", "name": "Можно работать сменами по 4–6 часов в день"}], "working_time_modes": [], "accept_temporary": false}, {"id": "48445599", "premium": false, "name": "Системный администратор Windows", "department": null, "has_test": false, "response_letter_required": false, "area": {"id": "1", "name": "Москва", "url": "https://api.hh.ru/areas/1"}, "salary": null, "type": {"id": "open", "name": "Открытая"}, "address": {"city": "Москва", "street": "Варшавское шоссе", "building": "35", "description": null, "lat": 55.690222, "lng": 37.625325, "raw": "Москва, Варшавское шоссе, 35", "metro": null, "metro_stations": [], "id": "350377"}, "response_url": null, "sort_point_distance": null, "published_at": "2021-10-01T16:35:15+0300", "created_at": "2021-10-01T16:35:15+0300", "archived": false, "apply_alternate_url": "https://hh.ru/applicant/vacancy_response?vacancyId=48445599", "insider_interview": null, "url": "https://api.hh.ru/vacancies/48445599?host=hh.ru", "alternate_url": "https://hh.ru/vacancy/48445599", "relations": [], "employer": {"id": "23239", "name": "СОЛ", "url": "https://api.hh.ru/employers/23239", "alternate_url": "https://hh.ru/employer/23239", "logo_urls": {"original": "https://hhcdn.ru/employer-logo-original/227233.png", "240": "https://hhcdn.ru/employer-logo/793128.png", "90": "https://hhcdn.ru/employer-logo/793127.png"}, "vacancies_url": "https://api.hh.ru/vacancies?employer_id=23239", "trusted": true}, "snippet": {"requirement": "Знание операционных систем Windows Server 2008/2012/2016, Windows 7–10. Опыт администрирования доменов Windows, терминальных и почтовых служб.", "responsibility": "Техподдержка сотрудников компании. Установка ПО, настройка офисной техники/телефонов/сетевых устройств, замена расходных материалов. Подбор, закупка и настройка оборудования (по..."}, "contacts": null, "schedule": {"id": "fullDay", "name": "Полный день"}, "working_days": [], "working_time_intervals": [{"id": "from_four_to_six_hours_in_a_day", "name": "Можно работать сменами по 4–6 часов в день"}], "working_time_modes": [{"id": "start_after_sixteen", "name": "Можно начинать работать после 16:00"}], "accept_temporary": false}, {"id": "48252004", "premium": false, "name": "Системный администратор (удаленно)", "department": null, "has_test": false, "response_letter_required": false, "area": {"id": "1", "name": "Москва", "url": "https://api.hh.ru/areas/1"}, "salary": {"from": 15000, "to": null, "currency": "RUR", "gross": false}, "type": {"id": "open", "name": "Открытая"}, "address": {"city": null, "street": null, "building": null, "description": null, "lat": null, "lng": null, "raw": null, "metro": {"station_name": "Проспект Мира", "line_name": "Кольцевая", "station_id": "5.119", "line_id": "5", "lat": 55.779584, "lng": 37.633646}, "metro_stations": [{"station_name": "Проспект Мира", "line_name": "Кольцевая", "station_id": "5.119", "line_id": "5", "lat": 55.779584, "lng": 37.633646}, {"station_name": "Проспект Мира", "line_name": "Калужско-Рижская", "station_id": "6.120", "line_id": "6", "lat": 55.781827, "lng": 37.633199}], "id": "762142"}, "response_url": null, "sort_point_distance": null, "published_at": "2021-09-24T16:51:22+0300", "created_at": "2021-09-24T16:51:22+0300", "archived": false, "apply_alternate_url": "https://hh.ru/applicant/vacancy_response?vacancyId=48252004", "insider_interview": null, "url": "https://api.hh.ru/vacancies/48252004?host=hh.ru", "alternate_url": "https://hh.ru/vacancy/48252004", "relations": [], "employer": {"id": "1416424", "name": "Кадровый холдинг ПРОФИЛЬ", "url": "https://api.hh.ru/employers/1416424", "alternate_url": "https://hh.ru/employer/1416424", "logo_urls": {"240": "https://hhcdn.ru/employer-logo/1727423.jpeg", "original": "https://hhcdn.ru/employer-logo-original/321264.jpg", "90": "https://hhcdn.ru/employer-logo/1727422.jpeg"}, "vacancies_url": "https://api.hh.ru/vacancies?employer_id=1416424", "trusted": true}, "snippet": {"requirement": "Образование среднее специальное/ незаконченное высшее/ высшее. Навыки работы с OS Windows XP/7/10, Windows Server 2008-2016. ", "responsibility": "Администрирование Windows Server 2003, 2008 (настройка Контроллера домена, Active Directory), поддержка работоспособности компьютеров и локальной сети. Установка ПО, компонентов программного..."}, "contacts": null, "schedule": {"id": "fullDay", "name": "Полный день"}, "working_days": [], "working_time_intervals": [], "working_time_modes": [], "accept_temporary": false}, {"id": "47983666", "premium": false, "name": "Помощник системного администратора", "department": null, "has_test": false, "response_letter_required": false, "area": {"id": "1", "name": "Москва", "url": "https://api.hh.ru/areas/1"}, "salary": {"from": 30000, "to": 35000, "currency": "RUR", "gross": false}, "type": {"id": "open", "name": "Открытая"}, "address": {"city": "Москва", "street": "3-я Хорошёвская улица", "building": "12", "description": null, "lat": 55.787401, "lng": 37.499372, "raw": "Москва, 3-я Хорошёвская улица, 12", "metro": null, "metro_stations": [], "id": "5820468"}, "response_url": null, "sort_point_distance": null, "published_at": "2021-09-15T15:49:19+0300", "created_at": "2021-09-15T15:49:19+0300", "archived": false, "apply_alternate_url": "https://hh.ru/applicant/vacancy_response?vacancyId=47983666", "insider_interview": null, "url": "https://api.hh.ru/vacancies/47983666?host=hh.ru", "alternate_url": "https://hh.ru/vacancy/47983666", "relations": [], "employer": {"id": "4562244", "name": "ЦМАН", "url": "https://api.hh.ru/employers/4562244", "alternate_url": "https://hh.ru/employer/4562244", "logo_urls": {"240": "https://hhcdn.ru/employer-logo/3945660.jpeg", "90": "https://hhcdn.ru/employer-logo/3945659.jpeg", "original": "https://hhcdn.ru/employer-logo-original/876196.jpg"}, "vacancies_url": "https://api.hh.ru/vacancies?employer_id=4562244", "trusted": true}, "snippet": {"requirement": "Опыт системным администратором от 1 года. Рассмотрим так же начинающих специалистов, выпускников. Нам НЕ ПОДХОДИТ удалённая форма работы и обслуживающие...", "responsibility": "Контроль за работоспособностью серверов компании, CRM системы(Bitrix24? Top&Lab). Поддержка пользователей в офисе, настройка ПК и ноутбуков . "}, "contacts": null, "schedule": {"id": "fullDay", "name": "Полный день"}, "working_days": [], "working_time_intervals": [{"id": "from_four_to_six_hours_in_a_day", "name": "Можно работать сменами по 4–6 часов в день"}], "working_time_modes": [], "accept_temporary": true}, {"id": "48144053", "premium": false, "name": "Системный администратор", "department": null, "has_test": false, "response_letter_required": false, "area": {"id": "1", "name": "Москва", "url": "https://api.hh.ru/areas/1"}, "salary": {"from": 30000, "to": null, "currency": "RUR", "gross": false}, "type": {"id": "open", "name": "Открытая"}, "address": {"city": "Москва", "street": "Алтуфьевское шоссе", "building": "37с8", "description": null, "lat": 55.865333, "lng": 37.575765, "raw": "Москва, Алтуфьевское шоссе, 37с8", "metro": {"station_name": "Верхние Лихоборы", "line_name": "Люблинско-Дмитровская", "station_id": "10.598", "line_id": "10", "lat": 55.85566, "lng": 37.56282}, "metro_stations": [{"station_name": "Верхние Лихоборы", "line_name": "Люблинско-Дмитровская", "station_id": "10.598", "line_id": "10", "lat": 55.85566, "lng": 37.56282}, {"station_name": "Дегунино", "line_name": "МЦД - 1", "station_id": "131.696", "line_id": "131", "lat": 55.86586, "lng": 37.573235}, {"station_name": "Отрадное", "line_name": "Серпуховско-Тимирязевская", "station_id": "9.97", "line_id": "9", "lat": 55.864273, "lng": 37.605066}, {"station_name": "Селигерская", "line_name": "Люблинско-Дмитровская", "station_id": "10.597", "line_id": "10", "lat": 55.86483, "lng": 37.55005}], "id": "3591971"}, "response_url": null, "sort_point_distance": null, "published_at": "2021-09-21T16:32:41+0300", "created_at": "2021-09-21T16:32:41+0300", "archived": false, "apply_alternate_url": "https://hh.ru/applicant/vacancy_response?vacancyId=48144053", "insider_interview": null, "url": "https://api.hh.ru/vacancies/48144053?host=hh.ru", "alternate_url": "https://hh.ru/vacancy/48144053", "relations": [], "employer": {"id": "3585597", "name": "С Логистикс", "url": "https://api.hh.ru/employers/3585597", "alternate_url": "https://hh.ru/employer/3585597", "logo_urls": null, "vacancies_url": "https://api.hh.ru/vacancies?employer_id=3585597", "trusted": true}, "snippet": {"requirement": "Опыт работы системным администратором от 3 лет. Высшее образование. Пунктульность, исполнительность, ответственность.", "responsibility": "Поддержка корпоративного домена: администрирование доменного сервера (включая удалённых пользователей за пределами локальной сети), учётных записей пользователей, управление правами доступа. "}, "contacts": null, "schedule": {"id": "flexible", "name": "Гибкий график"}, "working_days": [], "working_time_intervals": [], "working_time_modes": [], "accept_temporary": true}, {"id": "47875855", "premium": false, "name": "Системный администратор / Video Streaming Engineer (OBS, Streamlabs)", "department": null, "has_test": false, "response_letter_required": false, "area": {"id": "1", "name": "Москва", "url": "https://api.hh.ru/areas/1"}, "salary": null, "type": {"id": "open", "name": "Открытая"}, "address": null, "response_url": null, "sort_point_distance": null, "published_at": "2021-09-12T22:39:12+0300", "created_at": "2021-09-12T22:39:12+0300", "archived": false, "apply_alternate_url": "https://hh.ru/applicant/vacancy_response?vacancyId=47875855", "insider_interview": null, "url": "https://api.hh.ru/vacancies/47875855?host=hh.ru", "alternate_url": "https://hh.ru/vacancy/47875855", "relations": [], "employer": {"id": "5622215", "name": "S4X.IO", "url": "https://api.hh.ru/employers/5622215", "alternate_url": "https://hh.ru/employer/5622215", "logo_urls": {"240": "https://hhcdn.ru/employer-logo/3948080.jpeg", "90": "https://hhcdn.ru/employer-logo/3948079.jpeg", "original": "https://hhcdn.ru/employer-logo-original/876801.jpg"}, "vacancies_url": "https://api.hh.ru/vacancies?employer_id=5622215", "trusted": true}, "snippet": {"requirement": "Знание OBS, Streamlabs. Умение работать с YouTube и Twitch для настроек трансляции. Знание видео и аудио оборудования, их коммутации. ", "responsibility": "Подготовка компьютера к стримингу (настройка стрима, видеокамер, звукового и светового оборудования). Техническое обеспечение проведения онлайн-трансляций на YouTube и Twitch. "}, "contacts": null, "schedule": {"id": "flexible", "name": "Гибкий график"}, "working_days": [], "working_time_intervals": [], "working_time_modes": [], "accept_temporary": false}], "found": 19, "pages": 1, "per_page": 100, "page": 0, "clusters": null, "arguments": null, "alternate_url": "https://hh.ru/search/vacancy?area=1&employment=part&enable_snippets=true&items_on_page=100&text=NAME%3A%D0%A1%D0%B8%D1%81%D1%82%D0%B5%D0%BC%D0%BD%D1%8B%D0%B9%25%D0%B0%D0%B4%D0%BC%D0%B8%D0%BD%D0%B8%D1%81%D1%82%D1%80%D0%B0%D1%82%D0%BE%D1%80"}